,HF_bas_w00_1,HF_bas_w06_1,HF_bas_w12_1,HF_bas_w00_2,HF_bas_w06_2,HF_bas_w12_2,HF_bas_w00_3,HF_bas_w06_3,HF_bas_w12_3,HF_bas_w00_4,HF_bas_w06_4,HF_bas_w12_4,HF_bas_w00_5,HF_bas_w06_5,HF_bas_w12_5,HF_bas_w00_6,HF_bas_w06_6,HF_bas_w12_6,HF_bas_w00_7,HF_bas_w06_7,LF_bas_w00_1,LF_bas_w06_1,LF_bas_w12_1,LF_bas_w00_2,LF_bas_w06_2,LF_bas_w12_2,LF_bas_w00_3,LF_bas_w06_3,LF_bas_w12_3,LF_bas_w00_4,LF_bas_w06_4,LF_bas_w12_4,LF_bas_w00_5,LF_bas_w06_5,LF_bas_w12_5,LF_bas_w00_6,LF_bas_w06_6,LF_bas_w00_7,LF_bas_w06_7
Clostridium_scindens ,439,98,74,52,65,92,92,197,34,11,90,98,10,172,231,26,232,179,6,45,18,28,65,43,91,128,110,64,388,166,392,1215,82,70,128,65,73,20,105
Clostridium_lactatifermentans ,381,57,53,78,25,72,84,61,99,42,37,18,2,107,46,43,20,97,14,56,40,16,13,52,62,68,213,113,270,25,23,121,0,0,94,0,0,6,37
Lactobacillus_animalis,352,95,299,407,2453,1276,13,3760,1170,15,71,29,298,494,2130,371,640,3850,11,298,56,2,44,72,108,11,156,101,1296,62,124,25,120,26,62,82,24,200,247
Bacteroides_rodentium ,345,2532,74,157,274,857,756,3316,4197,1137,7723,3046,743,6590,4693,170,677,5372,163,4057,277,802,667,569,641,738,5760,3788,3617,1649,2619,5221,755,1344,7772,386,2227,560,639
Alistipes_finegoldii ,257,806,448,192,339,176,556,600,319,59,499,380,130,291,751,41,261,327,380,486,186,201,221,59,53,69,746,325,759,106,196,236,237,84,328,68,254,166,265
Bacteroides_acidifaciens ,215,1519,895,329,1439,247,436,1333,880,1026,2971,1570,2412,2055,1578,1511,1700,1548,2280,2281,88,390,2719,555,239,329,1830,1940,240,1064,3159,520,1184,72,1273,2456,1143,276,1347
Acetatifactor_muris ,214,31,3,5,8,38,21,23,124,7,3,16,11,8,16,8,128,37,2,14,2,7,0,4,19,10,22,12,50,0,0,0,0,0,0,0,0,0,10
Clostridium,180,63,12,60,27,75,120,66,108,30,26,29,10,81,54,11,27,83,12,23,4,15,6,23,27,6,52,52,40,82,11,28,93,112,11,74,26,3,20
Desulfovibrio_fairfieldensis ,167,0,2,37,0,11,33,25,11,37,11,17,0,0,0,0,0,0,0,0,0,0,63,0,8,1,20,52,15,31,0,0,20,16,1,0,4,0,0
Bacteroides_sartorii ,126,660,942,1234,2831,251,1148,1529,844,549,5378,3675,2750,995,854,164,756,923,650,2647,2,17,48,639,736,789,3454,675,2085,2258,591,1046,85,45,182,3,21,22,24
Bacteroides_ovatus,103,472,241,81,512,101,4,98,325,32,257,360,70,273,138,6,24,202,14,212,236,105,101,142,141,81,663,278,395,1014,225,233,211,62,438,660,320,112,170
Clostridium_viride ,93,364,102,108,196,61,68,101,106,79,87,79,58,38,68,39,151,24,58,168,51,61,6,98,134,59,105,117,86,65,12,22,0,0,47,73,59,22,50
Parabacteroides_distasonis ,53,49,53,1079,42,27,256,112,32,263,544,173,292,181,117,177,67,83,275,207,270,307,3032,565,764,1033,2270,730,1021,1147,1598,1069,643,474,991,663,730,487,1029
Pseudoflavonifractor_capillosus ,37,6,3,1,2,19,7,4,10,5,5,15,1,24,13,0,11,24,0,3,2,1,4,0,7,1,7,15,28,23,0,9,5,53,4,5,10,1,8
Bacteroides_dorei,17,1,7,0,64,27,0,1,184,2,0,3,0,2,1,0,0,2,0,1,234,403,4848,32,176,96,3057,947,4,235,287,640,9512,1426,2067,965,567,917,1705
Intestinimonas_butyriciproducens ,17,4,5,9,4,2,6,5,6,1,5,2,0,6,7,4,9,9,0,4,0,2,2,3,5,4,3,3,2,21,0,2,14,7,1,5,6,1,3
Alistipes_timonensis ,10,23,47,15,27,6,0,0,8,0,0,23,0,0,0,0,0,0,0,0,0,0,43,19,10,8,49,59,12,7,5,0,6,30,21,32,24,11,36
Bacteroides_finegoldii ,7,81,4,8,38,22,11,103,127,35,304,152,95,242,151,4,17,174,26,196,5,12,36,15,7,9,184,89,59,104,95,82,19,7,106,29,65,2,23
Escherichia,2,7,4,0,3,1,4,16,0,0,7,1,2,2,4,1,2,6,1,1,1,1,2,0,0,1,1,14,3,0,0,0,0,1,5,7,321,2,4
Streptococcus_danieliae ,2,39,0,0,9,19,2,11,7,1,2,18,4,5,23,2,32,31,0,12,0,3,3,1,1,0,2,4,4,1,2,1,5,4,3,2,1,1,3
Enterorhabdus_caecimuris ,2,1,3,1,4,0,6,4,1,7,4,0,1,0,7,2,3,0,5,0,0,2,2,1,1,2,0,1,1,1,2,0,3,4,0,1,4,2,6
Clostridium_oroticum ,2,0,4,4,0,3,7,6,11,2,8,19,4,11,24,6,13,3,1,24,3,1,4,1,4,0,3,1,2,19,12,39,25,11,4,33,5,0,8
Ruminococcus_obeum ,2,4,0,5,1,0,0,0,1,0,0,2,7,2,0,7,2,3,2,4,1,4,7,2,10,4,5,5,7,0,0,0,0,0,13,0,0,8,3
Akkermansia_muciniphila ,1,0,0,104,0,0,0,156,0,3129,0,0,0,0,0,0,0,6,0,569,0,0,0,0,0,0,0,0,0,0,0,0,0,0,0,0,0,0,0
Parabacteroides_goldsteinii ,1,76,21,58,54,22,0,0,41,0,0,143,1,0,0,0,0,0,0,0,195,234,873,43,34,240,57,37,69,258,166,177,85,116,332,184,132,122,436
Clostridium_aldenense BT,14294,3970,2598,2908,2534,7150,5345,4531,8477,2363,7680,8106,996,5777,9218,1116,8504,4617,475,6438,4171,2640,1698,5034,10828,5525,1574,3075,3483,636,18,75,6379,11502,3779,7424,4355,3289,7696
Pseudoflavonifractor_capillosus BT,3771,686,530,857,289,1149,833,622,1095,369,369,851,200,1128,747,202,725,1511,80,468,270,302,194,273,718,249,916,1034,1155,1266,166,522,927,2030,315,838,533,117,545
Acetatifactor_muris BT,3690,553,1363,482,374,1500,347,428,1153,178,164,1520,126,989,1956,168,418,610,17,263,510,458,134,378,1354,192,718,1144,1442,295,37,128,557,758,94,493,233,279,349
Sporobacter_termitidis BT,3191,517,482,748,496,1178,708,572,1064,256,1020,929,129,1317,750,105,811,1490,27,510,224,326,52,303,655,444,565,616,1433,445,120,548,872,1874,378,991,348,145,1361
Oscillibacter_ruminantium BT,3140,746,371,660,318,1182,1504,355,922,402,466,969,168,1308,572,137,420,1139,52,313,225,267,112,373,767,301,1238,835,649,1270,62,170,1229,1122,315,581,381,115,855
Clostridiumcluster_2,2860,451,510,858,493,1598,914,542,1039,471,690,1431,303,1880,1499,268,940,1785,76,707,398,352,339,389,929,393,521,526,1574,2956,259,777,2425,2795,504,1271,477,252,586
Clostridium_scindens BT,1826,256,238,954,125,429,386,431,422,129,336,231,93,429,597,64,345,422,55,556,224,159,393,305,629,398,827,829,694,1526,375,1177,1115,348,237,727,263,127,391
Hungatella_hathewayi BT,1575,4305,1768,787,1921,1346,969,1936,2774,432,2679,2523,162,4316,8268,567,4993,1312,74,3105,118,77,148,1627,2315,2294,966,580,1376,1964,84,216,592,441,226,476,145,148,413
Clostridium_algidixylanolyticum,1441,804,1438,225,340,1525,120,133,2261,145,81,568,39,281,228,92,169,229,39,164,132,57,63,5919,6464,4108,763,1510,1645,138,21,162,178,449,225,187,349,138,246
Clostridium_amygdalinum,1309,1006,548,538,612,1579,1252,875,1292,382,951,541,153,665,952,117,1125,1001,37,800,146,84,186,347,862,348,604,713,400,102,0,43,540,439,470,358,166,366,941
Clostridium_viride BT,1290,551,416,419,363,786,935,680,888,387,470,398,335,855,739,287,662,903,93,346,229,238,180,406,511,319,471,571,423,826,174,357,622,968,296,769,405,149,427
Papillibacter_cinnamivorans BT,1129,270,173,178,116,473,372,227,394,127,197,171,59,416,253,39,177,620,25,124,47,96,118,78,255,77,361,414,387,599,100,222,196,518,107,297,225,36,321
Clostridium_asparagiforme,1046,2286,5141,1198,3502,12323,9332,5822,7479,2768,2831,3104,973,5371,4824,57,3279,8195,939,1856,506,1578,576,281,1269,151,6933,9640,3148,6584,4399,6391,1880,378,2652,243,268,2401,4189
Intestinimonas_butyriciproducens BT,903,333,170,521,125,511,433,295,482,238,251,310,147,624,412,114,315,439,50,239,184,158,113,158,460,282,280,326,422,450,86,247,203,626,104,433,207,106,298
Murimonas_intestini BT,853,484,265,1276,147,350,149,205,637,234,174,247,106,305,377,198,577,172,118,254,29,72,866,181,709,194,1041,189,187,3029,266,352,876,272,220,217,147,160,99
Clostridium_herbivorans BT,767,969,356,115,148,1665,340,210,1119,27,348,990,245,896,120,87,501,962,16,269,291,277,162,185,195,204,292,45,247,196,6,12,2682,1325,161,804,2369,1246,841
Clostridium_lactatifermentans BT,763,214,104,71,51,187,268,60,247,36,121,123,99,179,272,106,145,81,165,46,349,33,15,37,101,44,378,154,328,17,13,94,0,0,89,607,86,20,106
Ruminococcus_bromii BT,592,43,48,149,50,111,362,45,73,52,53,49,11,72,58,43,69,38,8,63,14,21,19,57,40,19,113,79,61,105,4,69,60,70,46,80,49,7,73
Bacteroides,579,776,158,7,27,722,278,9,277,24,29,685,171,1281,61,19,114,1163,2,97,271,265,126,37,61,21,49,30,43,37,17,32,1561,870,44,512,1411,336,439
Eisenbergiella_tayi BT,574,492,119,78,310,779,236,328,1230,44,604,848,90,997,889,142,1562,452,4,309,140,171,43,399,580,219,230,73,160,46,0,0,842,621,167,273,567,193,524
Marvinbryantia_formatexigens BT,559,237,187,166,105,865,228,408,500,136,194,249,52,277,1651,110,452,128,60,300,23,22,91,94,86,57,80,142,53,12,1,0,107,94,19,200,72,28,60
Acetitomaculum_ruminis BT,521,142,150,105,99,448,143,126,379,51,153,342,57,450,414,34,213,379,9,84,84,62,35,81,125,54,198,162,264,239,16,89,245,512,72,255,201,27,279
Clostridium_aerotolerans BT,510,323,706,22,39,929,69,28,1069,189,62,218,8,420,770,3,37,1017,41,40,7,34,43,434,1039,420,1544,2145,1380,20,1,5,17,205,134,10,332,411,435
Clostridium_jejuense BT,482,224,65,777,244,477,479,234,93,181,199,42,57,407,186,177,377,400,3,405,20,10,48,85,187,98,576,775,323,52,1,5,721,154,244,264,65,194,101
Clostridium_glycyrrhizinilyticum BT,479,93,119,129,79,90,66,67,99,42,74,212,15,201,88,40,140,299,16,188,32,32,54,57,91,55,91,22,48,638,185,228,321,137,40,89,27,38,41
Eubacterium_ventriosum BT,466,565,572,124,729,58,122,293,232,255,1278,288,255,110,258,40,43,146,10,41,294,212,109,935,1879,525,181,414,324,0,0,0,71,162,81,110,102,34,107
Acetanaerobacterium_elongatum BT,449,162,152,185,87,223,306,146,268,62,210,218,114,341,268,89,157,260,24,63,67,61,32,51,62,53,69,76,91,189,55,76,169,344,21,171,121,25,159
Alistipes_finegoldii BT,440,910,371,297,344,229,732,415,339,180,813,1052,1078,339,835,181,171,138,371,382,490,508,210,1172,953,1553,1223,1068,1743,322,711,625,761,1138,1471,436,543,667,2779
Clostridium_symbiosum BT,418,1547,58,16,27,365,292,227,342,17,131,62,279,214,356,268,223,27,4,67,52,8,8,9,12,13,46,33,34,23,6,1,23,18,53,5,15,39,87
Alistipes_onderdonkii BT,388,2072,1322,139,583,2236,1235,1059,2090,63,684,777,488,1013,2559,201,1736,500,109,407,346,201,257,612,481,376,395,1329,1799,258,322,1092,652,426,633,328,340,368,681
Clostridiumcluster_2cluster_3,377,1123,571,232,803,707,380,1104,682,41,1370,1004,70,2219,3506,255,1983,911,3,1430,85,37,26,360,246,338,218,151,207,64,1,6,158,313,60,101,41,83,128
Fusicatenibacter_saccharivorans BT,356,19,24,54,27,47,21,40,84,18,21,28,5,96,101,19,73,75,2,74,7,4,5,18,41,6,91,67,26,458,38,137,219,32,14,24,36,16,17
Clostridiumcluster_2cluster_3cluster_4,353,265,280,251,432,2210,712,495,417,193,406,289,134,152,197,18,368,87,19,430,665,277,62,174,1080,123,317,291,188,135,23,51,204,1828,188,570,135,691,464
Clostridium_oroticum BT,347,200,146,103,91,155,57,160,165,58,210,214,11,313,309,29,235,148,11,239,43,21,23,40,83,88,72,72,168,205,25,178,324,171,118,118,95,49,105
Ruminococcus_obeum BT,304,101,88,76,63,316,124,102,232,43,79,92,19,183,162,6,97,266,6,69,10,25,14,43,104,60,208,213,169,47,9,86,67,157,61,44,21,25,212
Roseburia_hominis,290,236,333,27,18,166,84,90,283,18,56,224,12,358,49,5,7,33,3,36,4,4,6,11,43,32,60,50,68,5,1,4,33,31,22,21,7,3,29
Clostridium_hylemonae BT,260,125,31,90,10,44,22,21,35,12,19,43,6,66,51,23,51,84,4,48,15,12,36,61,100,46,106,50,61,346,51,285,102,31,6,42,18,15,15
Clostridium_populeti BT,231,259,62,6,1019,576,187,37,1268,5,68,312,1023,303,95,792,2587,476,3,202,137,147,63,807,1445,41,1821,47,142,1,0,0,429,371,60,187,597,173,278
Anaerotruncus_colihominis BT,210,66,137,140,57,284,69,45,125,43,131,149,20,139,136,14,85,170,13,85,43,34,27,110,92,50,96,97,142,219,76,253,156,205,26,181,89,22,107
Clostridium_bolteae,200,88,40,35,54,106,59,44,68,5,68,86,6,56,61,2,67,32,2,23,35,27,8,60,170,137,250,301,517,14,8,19,334,560,329,211,611,38,187
Eubacterium_eligens BT,175,70,52,6,8,114,26,25,166,2,54,39,2,42,28,0,91,41,1,41,11,14,3,15,25,9,28,51,81,2,0,1,90,76,34,45,115,20,75
Stomatobaculum_longum,164,21,36,5,4,14,13,30,17,16,34,41,14,92,54,14,57,118,3,169,12,5,0,7,30,5,22,17,14,27,0,0,132,63,19,58,32,29,36
Lactobacillus_salivarius BT,158,37,63,85,589,493,0,1005,444,1,22,18,63,213,774,65,184,1101,0,117,9,2,10,17,38,7,42,27,379,14,28,12,29,12,13,15,4,39,79
Ruminococcus_faecis BT,146,33,31,119,44,89,38,26,98,6,29,22,26,80,47,19,111,64,3,48,18,11,12,54,98,10,194,49,30,20,3,29,178,59,7,20,52,34,34
Dorea_formicigenerans BT,135,33,153,72,26,67,32,60,84,134,16,39,10,27,89,83,65,35,47,53,1,2,33,60,141,80,91,65,66,621,102,313,37,34,17,19,31,4,21
Blautia_stercoris BT,118,18,16,49,13,64,57,19,42,15,15,32,9,25,20,6,19,52,3,14,4,1,8,17,35,15,70,49,34,41,1,5,43,26,7,14,1,6,20
Eubacterium_uniforme BT,116,70,18,37,49,88,9,9,72,17,25,15,19,14,17,58,25,81,21,48,7,4,7,24,110,30,50,63,51,0,0,0,627,223,63,29,43,32,65
Blautia_luti BT,115,80,21,14,69,240,87,80,198,12,25,36,17,80,195,8,72,26,1,23,0,6,10,27,30,11,157,95,34,14,3,2,38,30,12,28,15,19,40
Gemmiger,108,17,14,0,0,0,0,0,0,0,0,1,1,0,0,0,0,0,0,0,0,2,0,12,43,24,0,2,6,1,9,31,0,0,0,0,0,0,0
Oscillibacter_valericigenes BT,105,15,15,6,6,39,43,36,49,18,38,34,3,19,19,12,37,29,1,15,2,4,3,28,36,24,33,47,37,17,1,1,66,44,17,32,10,4,30
Bilophila_wadsworthia BT,98,20,21,35,6,25,175,72,127,103,32,138,4,134,199,10,21,69,6,31,14,11,91,7,26,17,86,50,90,147,1,5,87,33,4,14,8,1,7
Bacteroides_rodentium BT,93,719,24,46,133,229,244,982,1164,311,2632,1072,283,1788,1245,38,199,1481,36,1432,94,224,218,223,176,287,1922,1068,1330,658,942,1609,269,377,2306,122,634,180,208
Parasporobacterium_paucivorans BT,90,53,18,17,24,104,6,10,53,15,24,86,35,71,26,16,49,76,2,31,38,28,8,59,50,11,30,11,55,2,0,1,84,63,17,47,189,43,79
Ruminococcus_gnavus BT,85,117,45,20,4,330,66,93,153,4,6,49,10,65,27,12,41,25,3,15,30,54,48,39,65,46,82,132,150,28,7,127,338,97,230,57,149,14,137
Anaeroplasma_bactoclasticum BT,84,890,719,0,582,222,14,172,322,0,312,405,24,327,567,21,677,506,0,0,61,13,110,269,58,45,0,0,11,2,12,145,117,127,590,258,91,500,128
Bacteroides_pectinophilus BT,84,223,146,21,11,1065,26,8,150,3,14,397,3,26,65,1,25,12,0,8,51,45,9,69,149,20,143,116,149,82,3,26,78,92,5,89,55,35,35
Desulfovibrio_fairfieldensis BT,83,19,235,31,40,78,21,14,111,31,92,77,60,19,98,10,132,37,592,107,404,229,41,49,70,61,904,27,67,295,40,75,152,575,117,215,223,326,136
Bacteroides_acidifaciens BT,79,478,280,104,387,96,129,333,290,273,684,469,741,483,447,400,572,401,553,556,35,136,856,191,93,116,548,483,80,387,769,152,402,33,390,881,388,105,454
Anaerovorax_odorimutans BT,76,10,17,36,11,11,22,18,27,30,23,19,16,16,28,44,22,19,18,10,17,13,8,19,24,26,16,17,20,45,14,25,0,46,39,28,27,1,46
Clostridium_leptum BT,68,12,31,23,35,29,23,16,19,31,28,70,0,48,20,12,30,39,7,41,20,23,92,13,16,6,11,23,50,23,3,13,89,32,17,84,77,8,108
Ruminococcus_torques BT,64,35,27,19,16,53,0,11,70,2,9,26,2,48,35,0,13,28,0,6,2,6,2,6,8,9,6,2,28,12,1,7,10,1,0,0,4,1,4
Hespellia_porcina BT,63,35,6,19,350,50,20,22,485,2,22,13,254,40,16,242,777,23,0,80,2,3,1,329,460,5,710,17,27,3,0,0,43,19,10,10,8,4,22
Eubacterium_oxidoreducens BT,62,72,86,57,62,88,43,38,52,31,72,40,19,27,31,7,23,41,2,14,17,13,7,30,76,22,50,76,32,8,0,1,25,28,10,20,6,3,9
Blautia_hydrogenotrophica BT,58,1,1,3,0,7,3,6,6,1,1,4,0,13,5,1,6,6,0,4,0,1,0,2,4,3,4,0,9,34,7,23,5,13,2,6,3,0,5
Butyrivibrio_crossotus BT,56,21,25,4,15,108,26,26,39,9,13,22,13,78,86,8,21,5,7,11,52,23,4,16,25,9,41,36,70,5,0,0,20,265,26,51,41,45,59
Acetivibrio_ethanolgignens BT,52,28,48,93,18,92,48,28,67,11,75,32,28,33,57,16,101,38,4,19,7,7,3,11,40,6,99,187,212,12,0,2,39,25,6,13,26,6,27
Clostridium_xylanovorans BT,43,68,48,45,44,251,91,71,64,16,52,28,28,90,40,9,20,176,1,62,3,3,21,23,50,30,163,73,62,17,2,28,39,38,60,18,52,41,115
Lactobacillus_acidipiscis,40,1,19,26,144,177,4,248,123,2,9,2,15,33,133,15,41,279,1,21,1,0,1,0,7,1,17,9,89,11,8,6,8,1,3,5,2,13,29
Roseburia_faecis BT,38,48,16,20,36,20,10,17,17,15,77,34,6,20,36,3,31,13,0,15,6,10,3,50,136,46,19,40,33,0,0,0,7,3,3,2,3,0,0
Lactonifactor_longoviformis BT,35,37,74,40,71,170,188,237,118,31,182,43,65,37,31,6,204,64,3,37,140,143,28,17,34,11,80,109,147,25,2,4,88,263,56,162,167,22,74
Ruminococcus_lactaris BT,34,8,17,7,15,81,25,26,33,8,20,21,2,36,22,1,28,18,0,26,20,34,6,17,23,8,25,14,49,35,170,69,70,91,41,42,62,17,68
Lutispora_thermophila BT,32,26,5,13,24,18,21,21,63,1,14,9,24,15,3,5,86,18,0,7,4,17,2,11,36,2,64,11,25,3,0,2,16,57,8,19,30,1,14
Blautia_schinkii BT,30,8,4,2,11,23,9,9,10,5,10,21,5,16,24,3,15,2,0,9,4,4,4,36,33,25,10,21,38,11,1,4,38,20,7,8,3,4,9
Robinsoniella_peoriensis BT,29,15,6,18,5,24,5,12,17,7,6,13,1,9,15,2,8,4,0,12,3,0,3,25,73,8,23,4,11,8,0,0,11,5,34,11,2,6,20
Coprococcus_comes BT,26,11,7,7,3,16,0,3,5,1,2,3,3,4,4,4,6,4,0,7,0,1,0,8,16,11,10,19,30,7,4,17,4,5,3,4,5,2,3
Lactobacillus_animaliscluster_2,26,7,63,91,311,73,1,361,82,5,13,0,104,36,146,88,57,320,4,31,10,4,15,3,15,2,15,6,187,6,20,1,19,5,16,9,5,28,49
Clostridium_aminovalericum BT,25,144,0,0,1,1,0,0,0,0,0,0,22,0,0,16,25,0,0,2,0,0,1,0,1,0,67,1,98,1,0,0,0,0,0,0,0,1,1
Clostridium_methylpentosum BT,25,36,35,23,24,90,15,4,44,21,61,59,0,40,71,12,54,15,0,15,24,23,11,73,65,43,14,62,94,126,89,253,3,91,22,35,15,6,29
Bacteroides_ovatuscluster_2,24,215,89,39,205,15,13,82,105,37,171,243,142,126,105,46,95,76,54,163,42,28,174,76,44,35,237,158,79,248,227,106,114,12,150,166,93,46,94
Bacteroides_stercoris BT,24,297,5,4,30,58,57,131,296,36,415,410,45,365,326,5,38,152,4,235,14,26,10,98,52,49,231,202,160,136,170,190,61,74,219,8,78,40,34
Bacteroides_sartorii BT,23,128,138,209,359,40,140,246,159,103,793,630,394,161,143,22,105,179,57,436,5,23,49,120,154,143,851,192,387,447,133,295,70,46,247,9,43,14,21
Alistipes_timonensis BT,23,53,19,17,34,8,34,23,21,5,60,84,71,16,37,11,6,5,15,22,15,34,35,116,76,99,113,89,86,23,51,33,24,58,114,22,47,50,192
Parabacteroides_distasonis BT,23,35,26,498,21,14,150,77,24,123,306,105,170,115,69,82,26,67,134,132,122,145,1497,244,399,475,1375,369,564,601,751,629,339,219,489,295,324,233,570
Eubacterium_rectale BT,22,28,19,3,14,7,7,7,2,4,6,6,1,11,4,2,4,11,2,4,5,1,0,31,28,7,12,11,9,3,0,0,9,4,5,3,1,1,0
Clostridium_nexile BT,21,19,4,19,14,10,0,13,7,4,35,13,2,9,13,2,4,5,0,33,8,6,7,58,176,54,0,13,12,1,1,0,4,1,7,3,3,1,16
Peptostreptococcaceae_[XI][G-1]_sp._oral_taxon_383 BT,21,1,3,5,1,21,3,0,4,3,15,5,2,9,20,3,10,7,0,2,4,1,7,8,5,3,10,3,12,13,3,6,18,9,12,20,11,1,17
Blautia_glucerasea BT,21,8,6,11,3,12,8,3,17,0,2,9,1,16,8,0,3,6,0,4,1,3,1,50,43,4,19,6,2,18,0,0,20,6,1,1,1,55,15
Ruminococcus_champanellensis BT,18,2,1,8,0,39,10,6,24,106,1641,224,2,10,10,3,8,19,111,40,36,271,5,12,11,5,8,5,6,22,11,9,2,31,1,15,3,4,780
Blautia_coccoides,16,2,7,1,0,5,3,1,6,6,13,1,0,7,8,0,0,5,0,5,0,2,8,3,36,5,7,5,11,52,9,7,11,5,0,3,2,0,7
Eubacterium_xylanophilum BT,15,100,33,2,113,213,15,146,227,2,403,289,54,23,263,0,76,78,1,76,157,88,3,12,97,46,113,125,560,5,1,0,51,430,217,150,241,49,351
Vallitalea_guaymasensis BT,15,3,2,2,6,4,1,0,2,0,3,6,2,4,0,1,1,4,0,1,0,0,0,0,2,0,8,0,5,0,0,1,0,0,1,3,24,0,1
Alistipes_shahii BT,12,77,21,6,13,13,31,42,27,1,33,61,22,27,49,1,18,27,13,25,8,26,33,15,9,17,91,43,83,12,43,38,54,31,41,8,27,19,132
Blautia_faecis BT,11,4,3,68,2,5,2,7,3,9,1,3,2,5,4,8,5,0,1,5,0,1,22,1,12,9,24,4,6,28,1,0,31,4,0,4,1,3,3
Eubacterium_contortum,11,1,4,1,3,4,0,1,1,1,2,2,0,9,6,0,0,2,0,1,0,0,1,18,17,8,1,3,10,2,0,2,3,1,0,1,1,0,3
Bacteroides_finegoldii BT,11,149,35,15,99,20,20,115,123,52,248,206,133,194,107,21,56,178,40,204,22,26,92,33,14,46,309,177,108,124,145,82,30,17,178,96,94,15,58
Anaerostipes_butyraticus BT,11,20,10,11,27,63,5,41,73,4,168,71,21,24,87,0,48,3,3,27,36,28,2,15,22,36,11,14,115,0,0,1,17,78,51,28,64,9,96
Ruminococcus_flavefaciens BT,11,5,2,5,0,13,10,3,5,8,16,7,1,14,4,0,3,6,1,0,2,1,188,324,93,126,10,5,12,93,342,5,4,12,4,2,0,0,37
Hespellia_stercorisuis BT,9,1,6,9,7,6,2,6,3,2,25,2,2,4,3,0,0,2,0,1,1,1,0,4,14,0,6,4,3,0,0,0,5,1,3,1,1,0,12
Clostridium_clostridioforme BT,9,1,1,1,1,3,1,3,3,0,0,0,0,2,0,0,1,4,0,2,0,0,0,0,7,2,17,7,4,8,0,2,16,9,8,1,12,0,3
Anaerosporobacter_mobilis BT,9,24,82,1,9,74,20,38,34,23,42,7,7,7,17,1,21,29,6,12,9,4,3,4,9,6,21,53,39,3,0,2,26,11,5,2,14,6,13
Butyricicoccus_pullicaecorum BT,8,45,77,18,35,122,40,228,116,4,157,96,2,138,106,1,101,210,0,71,1,0,0,4,3,0,16,32,1,0,0,1,25,10,1,35,3,1,1
Bacteroides_fluxus BT,8,105,5,3,10,21,13,129,121,12,185,93,12,174,159,1,20,133,3,136,9,27,44,23,34,13,268,155,88,30,83,82,311,50,262,15,67,38,65
Eubacterium_desmolans BT,8,7,2,8,5,15,2,13,13,2,5,12,1,11,8,0,4,18,0,5,3,2,1,3,5,3,5,4,3,5,0,0,3,12,0,5,1,0,4
Clostridium_neopropionicum,8,6,1,0,0,10,4,2,3,0,0,2,5,3,0,0,1,3,2,2,0,1,0,0,0,1,0,0,3,0,0,0,0,0,1,9,1,0,0
Dorea_longicatena BT,7,5,4,4,2,12,0,2,4,1,10,9,0,3,2,3,4,3,0,3,0,2,2,1,3,3,2,3,5,3,1,4,14,1,1,4,3,5,6
Peptostreptococcaceae_[XI][G-3]_sp._oral_taxon_495 BT,7,1,4,10,2,4,6,9,3,3,7,4,0,6,1,1,7,0,0,2,2,0,1,2,1,3,9,0,1,15,1,5,4,10,3,3,4,0,2
Bacteroides_massiliensis BT,7,71,61,21,180,16,67,98,51,22,285,307,145,109,81,4,49,34,14,122,1,4,6,84,66,60,156,50,107,107,38,74,10,21,69,4,18,1,13
Bacteroides_chinchillae,7,38,45,93,143,10,75,93,41,25,242,236,135,37,48,7,42,38,28,146,0,0,0,41,37,35,190,31,109,106,25,60,1,0,5,0,0,0,0
Blautia_wexlerae BT,7,1,3,11,1,1,0,0,5,1,1,1,0,12,4,0,2,0,0,2,1,0,1,1,7,2,2,4,3,13,0,8,1,2,0,2,1,0,1
Bacteroides_doreicluster_2,6,0,3,0,12,11,0,0,39,0,0,0,1,0,0,0,0,0,0,1,68,106,1350,12,49,30,776,211,0,62,73,169,2175,370,466,263,152,249,532
Gracilibacter_thermotolerans BT,6,2,0,2,1,10,0,5,12,1,2,1,0,4,1,5,18,5,0,1,0,0,1,5,8,1,7,2,4,2,0,0,1,4,0,2,1,1,4
TM7_[G-3]_sp._oral_taxon_351 BT,5,2,15,0,1,0,1,1,0,0,17,0,2,0,1,1,7,0,0,1,3,0,0,1,6,4,2,2,9,0,0,0,0,3,4,0,0,0,7
Alistipes_indistinctus BT,5,39,65,11,16,6,0,0,8,0,0,13,0,0,0,0,0,0,0,0,27,22,124,10,8,9,22,17,20,27,17,9,22,17,41,47,2,2,45
Anaerobacterium_chartisolvens BT,5,12,11,3,3,22,15,17,6,11,12,7,27,17,10,31,17,3,6,6,0,0,31,5,9,4,8,6,9,9,8,5,3,3,2,5,1,2,4
Natranaerovirga_pectinivora BT,3,2,9,4,9,7,3,8,4,8,36,3,1,2,4,2,4,9,0,6,1,1,1,2,3,4,16,23,19,1,0,3,5,3,23,5,33,2,17
Ruminococcus_albus BT,3,4,3,3,2,13,6,3,7,2,44,10,3,5,7,1,7,7,1,3,2,5,15,62,25,32,1,0,7,14,45,0,1,8,0,2,3,1,14
Anaerostipes,3,1,2,1,8,4,0,2,19,1,4,0,16,2,0,5,26,2,0,1,0,0,0,1,0,1,6,0,5,0,1,0,0,1,3,0,1,0,1
Eubacterium_siraeum BT,3,1,13,1,1,363,1,0,174,1,365,234,12,14,76,1,117,1,0,25,39,24,1,42,16,24,27,12,98,4,2,4,12,51,20,41,24,63,311
Clostridium_fimetarium BT,3,10,1,2,1,5,3,1,1,3,1,3,0,3,0,2,1,2,3,2,0,0,0,0,0,0,0,1,1,0,0,0,12,3,0,2,3,5,1
Bacteroides_intestinalis BT,3,26,0,1,1,3,2,6,5,7,33,7,3,35,12,3,3,16,0,11,0,0,0,2,0,0,10,3,8,2,14,12,0,1,31,2,5,1,2
Clostridium_tetanomorphum BT,3,12,0,0,0,8,0,1,0,1,0,1,0,1,2,0,0,2,0,0,9,18,1,0,1,4,2,18,9,3,1,1,1,4,16,5,16,9,10
Alistipes_putredinis BT,3,16,10,0,7,1,6,12,2,0,6,4,2,1,12,0,2,5,0,11,1,2,13,7,5,9,28,12,23,5,10,10,7,5,8,1,4,4,6
Lactobacillus_nagelii,2,3,5,1,47,70,0,118,34,0,1,2,3,6,36,1,5,103,0,2,0,0,0,1,1,0,5,13,22,4,0,0,5,1,2,1,0,1,8
Eubacterium_ruminantium BT,2,3,0,0,0,4,0,0,2,0,0,2,0,0,1,0,0,1,0,0,0,0,0,270,1,533,4,0,2,0,0,0,1,1,0,0,0,0,2
Mobilitalea_sibirica BT,2,3,2,0,1,8,1,0,4,0,1,1,0,4,3,2,1,2,0,2,1,0,0,19,4,33,0,2,7,2,0,2,0,4,2,4,4,9,6
Clostridium_clariflavum BT,2,29,6,0,0,26,3,0,3,0,0,33,1,7,1,0,7,1,0,0,12,12,3,1,0,0,2,0,0,0,1,4,0,1,2,0,0,9,8
Hydrogenoanaerobacterium_saccharovorans BT,2,1,0,1,1,0,1,1,2,1,2,10,0,4,2,0,5,5,0,4,2,3,2,8,2,1,5,2,0,1,1,0,8,14,2,9,3,0,2
Parasutterella_excrementihominis BT,1,170,12,0,0,0,0,0,11,1,1,5,682,20,45,2,80,7,0,16,643,13,0,47,293,365,1468,528,1351,246,606,458,382,341,1082,603,344,315,84
Bacteroides_caccae BT,1,48,3,9,26,3,4,63,92,15,151,101,32,139,75,3,7,78,7,120,4,14,29,11,1,11,125,57,42,35,53,50,9,7,123,8,46,8,15
Eubacterium_dolichum BT,1,4,38,0,271,12,0,0,1,0,0,0,373,0,3,4,26,0,0,1,1,9,0,0,17,3,145,1,4,0,0,0,3,0,158,23,27,0,2
Clostridium_cellobioparum,1,7,3,0,5,11,4,2,6,0,1,5,15,6,3,1,9,1,0,3,0,0,11,14,4,8,28,11,5,1,0,1,3,3,7,20,1,2,6
Anaerostipes_caccae BT,1,2,0,0,0,2,0,0,4,4,1,4,0,0,0,0,4,1,0,0,0,0,1,32,3,57,1,0,2,0,0,0,5,5,2,0,3,1,1
Clostridium_pasteurianum BT,1,1,17,1,0,0,15,10,6,3,34,29,7,22,24,6,11,20,11,18,0,0,17,6,6,2,15,2,2,2,1,0,0,2,1,2,2,0,2
Bacteroides_fragilis BT,1,3,2,0,5,1,0,4,8,3,12,1,5,7,2,3,8,1,8,11,1,0,9,3,6,1,12,10,6,5,4,1,11,1,1,6,2,1,2
Parabacteroides_goldsteinii BT,1,35,8,24,31,9,0,0,18,0,0,83,0,0,0,0,0,0,0,0,55,83,400,9,13,93,19,21,16,92,59,43,36,39,113,59,50,38,153
Bacteroides_chinchillaecluster_2,0,21,14,23,109,5,19,63,36,6,206,144,80,60,33,0,15,38,11,132,0,0,0,9,15,9,142,25,82,97,14,50,0,0,0,0,0,0,0
Staphylococcus_arlettae,0,9,0,4,7,0,0,2,1,0,8,1,0,1,235,0,0,723,0,2,0,1211,0,0,1,0,0,2,0,0,1,0,3,16,0,0,2713,0,1333
Bacteroides_caccae ,0,6,0,0,1,1,0,10,9,2,24,4,1,13,20,0,1,15,0,13,0,0,2,0,0,0,14,4,4,3,3,13,0,3,20,0,1,0,2
Alistipes_onderdonkii ,0,3,1,0,0,1,1,0,1,0,0,2,0,1,0,0,1,0,0,0,0,0,28,21,10,38,19,6,34,26,36,9,251,7,121,79,32,0,0
Bacteroides_clarus BT,0,20,4,0,2,12,9,36,55,2,33,16,4,46,79,1,6,27,1,24,2,1,4,12,0,13,32,26,63,18,13,81,1,10,53,1,9,4,7
Streptococcus_danieliae BT,0,19,0,0,1,7,1,8,12,0,1,9,0,5,11,0,17,26,0,6,0,2,0,0,0,1,1,1,0,0,0,1,1,3,0,2,2,1,2
Bacteroides_uniformis BT,0,4,1,3,0,4,2,6,12,4,47,11,2,13,10,0,1,5,0,17,0,5,14,6,3,10,66,23,33,15,35,59,4,8,40,3,13,2,9
Bacteroides_cellulosilyticus BT,0,3,0,1,0,0,3,0,10,9,16,2,3,5,3,0,4,5,0,2,4,2,4,6,4,5,17,9,17,3,8,19,1,4,21,2,7,0,9
Staphylococcus_aureus,0,2,0,0,0,0,0,0,0,0,0,0,0,0,3,0,0,31,1,0,0,74,0,0,0,0,0,0,0,0,0,0,0,1,0,0,187,0,56
Staphylococcus_arlettaecluster_2,0,1,3,0,4,0,0,0,1,1,3,0,1,0,72,0,0,239,0,0,0,401,0,0,0,0,0,0,0,0,0,0,2,3,0,0,904,0,445
Eubacterium_tortuosum BT,0,1,11,0,2,1,0,0,0,0,0,0,125,0,0,0,0,0,0,0,1,3,0,3,16,0,11,14,24,7,19,13,0,0,59,24,1,20,4
Sutterella_sanguinus BT,0,1,0,0,0,0,0,0,0,0,0,0,31,0,0,0,0,0,0,0,30,0,0,1,3,14,2,0,10,2,15,6,2,2,14,8,0,8,1
Enterococcus_avium,0,1,0,0,0,0,0,0,0,0,0,0,0,0,12,0,0,22,0,0,0,14,0,0,0,0,0,0,0,0,0,0,0,0,0,0,69,0,56
Bacteroides_salyersiae BT,0,1,0,0,0,0,0,2,1,1,1,4,1,2,4,1,0,0,1,3,0,0,7,4,1,1,11,3,1,5,5,1,3,1,0,9,4,0,4
Turicibacter_sanguinis ,0,0,2556,0,382,0,0,0,0,531,3847,182,0,0,0,0,0,0,199,0,0,0,0,0,0,0,0,0,0,0,0,0,0,0,0,0,1899,0,0
Eubacterium_xylanophilum ,0,0,4,0,66,97,0,0,47,0,758,190,63,22,108,0,120,0,0,125,216,125,0,1,60,64,59,53,652,0,0,0,74,491,310,226,332,37,460
Mucispirillum_schaedleri ,0,0,1,0,0,0,0,0,0,0,1,0,0,0,0,0,0,0,0,0,75,63,0,171,533,294,458,985,234,4144,82,159,3192,2546,50,109,481,55,337
Lactobacillus_intestinalis ,0,0,1,0,0,0,2630,0,0,821,651,38,0,0,0,3614,0,0,878,0,0,1,0,0,0,0,0,0,0,0,0,0,1915,23,0,3035,270,0,0
Eubacterium_siraeum ,0,0,1,0,0,6,0,0,0,0,0,0,7,1,20,0,27,0,0,1,12,7,1,31,12,13,25,13,95,0,0,0,6,32,20,23,20,23,82
Turicibacter_sanguinis BT,0,0,1481,0,199,0,0,0,0,351,1905,109,0,0,0,0,0,1,137,0,0,134,1,0,0,0,0,0,0,0,0,0,0,2,0,0,1308,0,22
Eubacterium,0,0,45,0,0,10,19,29,30,19,115,28,12,3,3,42,76,42,24,19,41,44,41,41,50,50,36,75,33,68,239,40,17,59,403,173,138,1,102
Catellicoccus_marimammalium BT,0,0,23,0,22,0,0,0,0,12,44,1,0,0,0,0,0,13,1,0,0,5,0,0,0,0,0,0,0,0,0,0,0,0,0,0,19,0,3
Clostridium_saccharogumia BT,0,0,14,12,0,0,0,0,0,0,0,0,59,12,19,39,41,39,10,1,5,2,18,9,220,145,31,77,40,214,676,258,0,0,0,0,0,56,77
Saccharofermentans_acetigenes BT,0,0,9,1,0,1,6,9,0,10,50,2,4,0,5,12,21,2,23,2,1,0,0,0,0,0,0,1,0,0,0,0,0,0,0,0,0,0,0
Enterococcus_alcedinis BT,0,0,9,0,7,0,0,0,0,23,111,2,0,0,0,0,0,0,6,0,0,0,0,0,0,0,0,0,0,0,0,0,0,0,0,0,32,0,0
Faecalicoccus_acidiformans BT,0,0,5,17,0,0,0,0,0,15,0,0,40,0,0,15,0,0,35,0,36,29,38,0,0,8,0,0,17,1,0,10,0,0,50,0,0,1,10
Eubacterium_coprostanoligenes BT,0,0,2,0,0,5,16,0,1,0,5,16,0,0,0,0,0,0,0,0,0,0,0,46,12,34,1,0,0,173,0,0,281,79,86,185,0,6,14
Lactobacillus_antri,0,0,1,0,0,3,346,0,0,173,181,87,0,0,0,192,0,0,113,75,733,201,20,0,0,0,0,0,0,2,0,0,483,6,0,1178,52,620,16
Desulfovibrio_piger BT,0,0,1,1,0,0,1,0,2,1,2,0,1,0,1,0,1,1,22,1,9,10,1,1,0,3,11,3,1,5,0,0,5,17,1,12,9,14,1
Lactobacillus_apis BT,0,0,1,0,1,0,27,0,0,5,2,2,0,0,0,40,0,0,5,0,1,2,0,0,0,0,0,0,0,0,0,0,17,1,0,13,1,2,0
Lactobacillus_gasseri ,0,0,0,10,7,0,211,0,0,221,603,175,0,0,0,165,1,1,98,512,3024,635,79,0,2,0,0,0,0,0,0,0,708,39,0,3952,91,2637,1
Lactobacillus_gasseri BT,0,0,0,6,3,1,50,0,0,74,219,56,0,0,0,42,0,1,45,183,986,248,27,0,0,0,0,0,0,0,0,0,174,9,1,1059,37,819,0
Bacteroides_faecichinchillae,0,0,0,0,1,0,0,0,1,0,0,0,0,0,0,0,0,0,0,0,0,1,74,29,9,11,21,7,33,30,19,33,4,0,0,1,1,0,2
Clostridium_phytofermentans BT,0,0,0,0,14,0,0,1,11,0,0,0,18,0,0,12,31,0,0,3,0,0,1,15,16,1,37,4,0,0,0,0,1,0,0,0,0,0,1
Bacteroides_faecichinchillaecluster_2,0,0,0,0,1,0,0,0,2,0,1,1,1,0,1,0,0,0,1,1,2,0,117,8,4,4,45,13,5,12,8,12,62,2,20,27,4,4,16
Bacteroides_oleiciplenus,0,0,0,0,1,0,2,5,3,0,2,0,1,2,1,0,0,3,0,5,0,4,32,0,0,1,38,7,2,7,1,10,33,6,34,4,3,6,8
Aerococcus_suis BT,0,0,0,0,1,0,0,0,0,0,0,0,0,0,9,0,0,22,0,0,0,21,0,0,0,0,0,0,0,0,0,0,0,0,0,0,41,0,54
Lactobacillus_gasseri,0,0,0,0,1,0,2,0,0,6,1,0,0,0,0,2,0,0,4,2,63,10,2,0,0,0,0,0,0,0,0,0,2,0,0,42,1,6,0
Aerococcus_sanguinicola BT,0,0,0,0,1,0,0,0,0,2,6,0,0,0,14,0,0,26,0,0,0,23,0,0,0,0,0,0,0,0,0,0,0,0,0,0,44,0,27
Lactobacillus_equi BT,0,0,0,0,1,1,1,12,5,0,0,2,0,5,12,2,3,8,0,9,6,0,2,0,1,0,0,0,10,0,0,0,6,0,0,6,0,27,1
Lactobacillus_antricluster_2,0,0,0,0,0,3,796,0,0,537,432,190,0,0,0,551,0,2,530,200,2179,604,81,0,1,0,0,0,0,0,0,0,1102,9,3,2417,130,1345,25
Lactobacillus_psittaci ,0,0,0,0,0,0,3,0,0,4,4,2,0,0,0,1,0,0,1,1,85,22,0,0,0,0,0,0,0,0,0,0,10,0,0,124,0,82,0
Lactobacillus_intestinalis BT,0,0,0,0,0,0,1020,0,0,313,298,17,0,0,0,1075,0,0,325,0,1,0,0,0,0,0,0,0,0,1,0,0,763,4,0,1235,124,0,0
Lactobacillus_acidophilus,0,0,0,0,0,0,33,0,0,11,8,2,0,0,0,0,0,0,4,2,17,0,1,0,0,0,0,0,0,0,0,0,3,0,0,16,0,19,0
Lactobacillus_kalixensis BT,0,0,0,0,0,0,31,0,0,10,43,6,0,0,0,13,0,0,0,10,14,3,1,0,0,0,0,0,0,0,0,0,59,0,0,50,9,18,0
Lactobacillus_amylophilus,0,0,0,0,0,0,18,0,0,7,11,1,0,0,0,6,0,0,0,1,1,0,0,0,0,0,0,0,0,0,0,0,8,0,0,11,1,1,0
Lactobacillus_psittaci BT,0,0,0,0,0,0,16,0,0,14,10,3,0,0,0,8,0,0,3,8,246,30,3,0,0,0,0,0,0,0,0,0,34,0,0,259,2,155,0
Lactobacillus_reuteri BT,0,0,0,0,0,0,14,0,0,16,1,0,0,0,0,31,0,0,38,6,123,31,8,0,0,0,0,0,0,0,0,0,5,1,0,30,0,24,1
Lactobacillus_gigeriorum,0,0,0,0,0,0,4,0,0,3,3,4,0,0,0,3,0,0,0,5,12,5,0,0,0,0,0,0,0,0,0,0,8,0,0,19,3,7,0
Lactobacillus_perolens BT,0,0,0,0,0,0,1,0,0,2,4,1,0,0,0,2,0,0,1,0,6,2,0,0,0,0,0,0,0,0,0,0,9,0,0,15,0,7,0
Lactobacillus_secaliphilus BT,0,0,0,0,0,0,1,0,0,49,2,0,0,0,0,35,0,0,69,3,191,66,14,0,0,0,0,0,0,0,0,0,5,0,0,41,0,39,0
Staphylococcus_agnetis,0,0,0,0,0,0,0,0,0,0,0,0,0,0,7,0,0,36,0,0,0,24,0,0,0,0,0,0,0,0,0,0,0,2,0,0,116,0,35
Parabacteroides_merdae ,0,0,0,0,0,0,0,0,0,0,0,0,0,0,0,0,1,0,0,0,0,0,0,24,29,26,11,38,31,2,21,5,0,0,0,0,0,0,0
Sporosarcina_siberiensis ,0,0,0,0,0,0,0,0,0,0,0,0,0,0,0,0,1,0,0,0,0,56,0,0,0,0,0,0,0,0,0,0,6,0,0,0,3,0,45
Parabacteroides_merdae BT,0,0,0,0,0,0,0,0,0,0,0,0,0,0,0,0,0,0,0,1,0,0,0,9,3,9,5,17,13,11,8,3,0,0,0,0,0,0,0
Mucispirillum_schaedleri BT,0,0,0,0,0,0,0,0,0,0,0,0,0,0,0,0,0,0,0,0,39,44,0,92,199,120,260,507,100,1875,24,81,1385,1163,22,47,239,31,176
Anaerorhabdus_furcosa BT,0,0,0,0,0,0,0,0,0,0,0,0,0,0,0,0,0,0,0,0,9,3,19,7,54,63,21,57,20,9,24,5,0,0,0,0,0,19,12
Allobaculum_stercoricanis BT,0,0,0,0,0,0,0,0,0,0,0,0,0,0,0,0,0,0,0,0,2,0,0,0,0,10,0,0,0,51,517,0,0,1,0,34,0,0,0
Parabacteroides_faecis BT,0,0,0,0,0,0,0,0,0,0,0,0,0,0,0,0,0,0,0,0,0,0,8,14,16,13,9,19,17,1,7,6,0,1,2,1,0,0,2
Coprobacillus_cateniformis BT,0,0,0,0,0,0,0,0,0,0,0,0,0,0,0,0,0,0,0,0,0,0,0,0,0,1,0,0,0,0,0,0,7,44,114,37,68,0,0
